timestamp,dialog_id,description,last_user_message,expected_phrases,bot_response
"2026-05-05T14:21:00.752Z","no-call","","I don’t want a call","No worries | helping you here","
     
         
             
                 
                     
                     Your Company 
                 
                 
                     
                         Who we are 
                         Our Services 
                         Our Prices 
                         Blog 
                         Career 
                     
                 
                 
 "
